case_id,symptom,expected_fault,ai_root_cause,osi_layer,concept,severity,recommendation,match,diagnosis_source
CASE001,PC0 cannot reach the default gateway,Router1 GigabitEthernet0/0 is administratively down,Router1 GigabitEthernet0/0 is administratively down,Layer 1,Interface/Gateway,High,Check the router interface status and enable GigabitEthernet0/0 if it is administratively down.,True,rule_based
CASE002,PC0 cannot communicate with PC1,Incorrect or failed switch port configuration,Incorrect or failed switch port configuration,Layer 2,Switching,Medium,Check the switch ports connected to PC0 and PC1 and verify their configuration.,True,rule_based
CASE003,PC0 has an incorrect default gateway,Incorrect default gateway configured on PC0,Incorrect default gateway configured on PC0,Layer 3,Gateway,High,Verify the PC default gateway and make sure it matches the router interface address.,True,rule_based
CASE004,PC1 cannot reach router,PC1 has an incorrect IP subnet configuration,PC1 has an incorrect IP subnet configuration,Layer 3,IP Addressing,High,Check the IP address and subnet mask configured on PC1.,True,rule_based
CASE005,PC0 receives destination unreachable,PC0 is configured in the wrong subnet,PC0 is configured in the wrong subnet,Layer 3,Subnetting,High,"Check connectivity between PC0, the switch and Router1.",True,rule_based
CASE006,VLAN 10 PC cannot communicate with VLAN 20 PC,Inter-VLAN routing configuration missing,Inter-VLAN routing configuration missing,Layer 3,Inter-VLAN Routing,High,Check VLAN configuration and verify that inter-VLAN routing is configured.,True,rule_based
CASE007,PC in VLAN 10 cannot access another VLAN,VLAN 20 router subinterface is down,VLAN 20 router subinterface is down,Layer 3,Router-on-a-Stick,High,Verify VLAN membership and switch port configuration.,True,rule_based
CASE008,VLAN 20 device has no connectivity,Access port assigned to wrong VLAN,Access port assigned to wrong VLAN,Layer 2,VLAN Assignment,High,Check whether the VLAN exists and whether the required ports belong to it.,True,rule_based
CASE009,Trunk link is not carrying VLAN traffic,Switch-to-switch/router link configured as access port,Switch-to-switch/router link configured as access port,Layer 2,Trunking,High,Check the trunk configuration and verify that the required VLANs are allowed.,True,rule_based
CASE010,Inter-VLAN ping fails despite correct IP addresses,Required VLAN not allowed on trunk,Required VLAN not allowed on trunk,Layer 2,Allowed VLANs,High,"Verify router subinterfaces, VLAN IDs and trunk configuration.",True,rule_based
CASE011,PC does not receive an IP address,DHCP service or pool is unavailable,DHCP service or pool is unavailable,Layer 7,DHCP,High,Check the DHCP configuration and verify that the client is connected correctly.,True,rule_based
CASE012,PC receives an address from the wrong network,DHCP pool has incorrect network configuration,DHCP pool has incorrect network configuration,Layer 7,DHCP Pool,High,Verify the DHCP pool and network configuration.,True,rule_based
CASE013,PC receives an incorrect default gateway,Incorrect default-router option in DHCP pool,Incorrect default-router option in DHCP pool,Layer 7,DHCP Gateway,High,Check the DHCP pool network and default gateway settings.,True,rule_based
CASE014,DHCP clients cannot obtain addresses,DHCP pool is missing or incorrectly configured,DHCP pool is missing or incorrectly configured,Layer 7,DHCP,High,Verify DHCP pool availability and configuration.,True,rule_based
CASE015,IP connectivity works but domain name does not resolve,Incorrect DNS server configured on client,Incorrect DNS server configured on client,Layer 7,DNS,Medium,Check DNS configuration and test connectivity to the DNS server.,True,rule_based
CASE016,Client cannot resolve server name,Client points to incorrect DNS server,Client points to incorrect DNS server,Layer 7,DNS Resolution,High,Verify the DNS server address and DNS service configuration.,True,rule_based
CASE017,DNS server is unreachable,DNS server is in an unreachable subnet,DNS server is in an unreachable subnet,Layer 3,DNS Connectivity,High,Check connectivity between the client and DNS server.,True,rule_based
CASE018,DHCP client receives IP but cannot resolve hostnames,Incorrect DNS server address supplied by DHCP,Incorrect DNS server address supplied by DHCP,Layer 7,DHCP/DNS,Medium,Verify the DHCP-assigned IP configuration and gateway.,True,rule_based
CASE019,Remote network cannot be reached,Missing route to remote network,Missing route to remote network,Layer 3,Static Routing,High,Check the routing table and verify a route exists to the remote network.,True,rule_based
CASE020,Router has route but traffic still fails,Incorrect next-hop address in static route,Incorrect next-hop address in static route,Layer 3,Routing,High,Verify the routing configuration and next-hop information.,True,rule_based
CASE021,Two routers cannot communicate,Router interface toward remote network is shutdown,Router interface toward remote network is shutdown,Layer 1,Routing Interface,High,Check the connection and IP configuration between the routers.,True,rule_based
CASE022,Remote network is unreachable after topology change,Required static route was removed,Required static route was removed,Layer 3,Routing Table,High,Verify routes after the topology change.,True,rule_based
CASE023,Traffic is blocked even though routing is correct,ACL denies traffic from source network,ACL denies traffic from source network,Layer 3,ACL,High,Check ACL rules that may be blocking the traffic.,True,rule_based
CASE024,PC cannot access server but other traffic works,ACL blocks HTTP traffic,ACL blocks HTTP traffic,Layer 4,ACL/HTTP,Medium,Review the ACL and verify whether the required server traffic is permitted.,True,rule_based
CASE025,All traffic from a subnet is blocked,ACL contains an incorrect deny statement,ACL contains an incorrect deny statement,Layer 3,ACL,High,Check the ACL for a subnet-wide deny rule.,True,rule_based
CASE026,ACL appears correct but traffic is still blocked,ACL applied in the wrong direction/interface,ACL applied in the wrong direction/interface,Layer 3,ACL Direction,High,"Verify ACL direction, interface and rule ordering.",True,rule_based
CASE027,Internal PC cannot access external network,NAT configuration is missing or inactive,NAT configuration is missing or inactive,Layer 3,NAT,High,Check NAT configuration and translation rules.,True,rule_based
CASE028,Private IP is not translated to public IP,NAT inside/outside interface configuration is incorrect,NAT inside/outside interface configuration is incorrect,Layer 3,NAT,High,Verify NAT inside/outside interfaces and translation rules.,True,rule_based
CASE029,Only some internal hosts can access outside network,NAT access list does not include all internal hosts,NAT access list does not include all internal hosts,Layer 3,NAT ACL,Medium,Check NAT configuration and the internal/external network settings.,True,rule_based
CASE030,Wireless client cannot obtain network connectivity,Wireless client is not properly associated with the access point,Wireless client is not properly associated with the access point,Layer 2,Wireless,High,"Check the wireless configuration, SSID and client network settings.",True,rule_based
